{
  "global_index": 1,
  "group_index": 0,
  "position_in_group": 0,
  "distance": -326.6249698405458,
  "plane_origin": [
    1994.5437713623048,
    4729.003915405274,
    139.10449695587158
  ],
  "plane_normal": [
    0.7071067811865475,
    0.7071067811865475,
    0.0
  ],
  "image_size": [
    512,
    512
  ],
  "uv_range": [
    -26.148139385056908,
    -2080.103496699319,
    304.35713329680004,
    -1749.598224017462
  ],
  "contours_count": 2,
  "is_black": false,
  "source_model": "矿体.ply",
  "save_time": "2025-12-25T10:22:49.062403"
}