{
  "global_index": 2,
  "group_index": 1,
  "position_in_group": 0,
  "distance": -218.181201171875,
  "plane_origin": [
    2007.3213012695312,
    4959.962646484375,
    139.10449695587158
  ],
  "plane_normal": [
    1.0,
    0.0,
    0.0
  ],
  "image_size": [
    512,
    512
  ],
  "uv_range": [
    4656.522358398437,
    -164.3357911300659,
    5263.402934570312,
    442.54478504180906
  ],
  "contours_count": 2,
  "is_black": false,
  "source_model": "矿体.ply",
  "save_time": "2025-12-18T16:47:53.003645"
}